language,filename,blank,comment,code,"github.com/AlDanial/cloc v 2.02  T=0.01 s (1144.3 files/s 107993.7 lines/s)"
Solidity,./protocol/ThunderLoan.sol,30,87,176
Solidity,./upgradedProtocol/ThunderLoanUpgraded.sol,29,87,172
Solidity,./protocol/AssetToken.sol,16,24,65
Solidity,./protocol/OracleUpgradeable.sol,7,1,23
Solidity,./interfaces/IFlashLoanReceiver.sol,2,5,13
Solidity,./interfaces/IPoolFactory.sol,1,1,4
Solidity,./interfaces/ITSwapPool.sol,1,1,4
Solidity,./interfaces/IThunderLoan.sol,1,1,4
SUM,,87,207,461
